x1,y1,z1,x2,y2,z2,x3,y3,z3,x4,y4,z4,x5,y5,z5,x6,y6,z6,x7,y7,z7,x8,y8,z8,x9,y9,z9,x10,y10,z10,x11,y11,z11,x12,y12,z12,x13,y13,z13,x14,y14,z14,x15,y15,z15,x16,y16,z16,x17,y17,z17,x18,y18,z18,x19,y19,z19,x20,y20,z20,x21,y21,z21,x22,y22,z22,x23,y23,z23,x24,y24,z24,x25,y25,z25,x26,y26,z26,x27,y27,z27,x28,y28,z28,x29,y29,z29,x30,y30,z30,x31,y31,z31,x32,y32,z32,x33,y33,z33
0.0,0.0,0.0,-2.3394996625042186,-15.166680728990888,8.61018709922376,-2.965828552143098,-15.368418832264597,8.58893013837327,-3.7404446506918663,-15.483272865339183,8.580461103611205,-4.046532230847115,-13.446148329395882,-17.053925497806276,-5.569460850489369,-12.254661660479243,-17.02100383901451,-7.093022274721566,-10.881433513331084,-17.052723169085386,-13.060496118798515,-4.336441106986163,50.52104470764428,-15.128016368545394,2.64400523118461,-66.93336040330746,-4.463993418832264,15.53653391832602,19.122363314208574,-5.272844245696929,17.77119895376308,-15.163975489368882,-27.56640229497131,56.3764765440432,111.29765545899426,-26.56640229497131,70.61050877489032,-121.0403571127236,-15.456336483293958,-72.56595933175835,165.11115739959502,-14.387867026662168,-55.70161154235572,-210.39403159804252,-9.386074080323995,-198.84785268309147,94.04501613651705,-8.442119473506581,-196.71930897738778,-207.6709257931151,-12.346755821802228,-213.90564883563957,88.7940168326021,-11.004809314883564,-220.59831673979076,-235.50458255990551,-13.350130779615254,-210.5007382720216,71.95703520502869,-12.226607323658454,-216.4627278096524,-224.21963065305434,-11.97445578805265,-206.3071844414445,83.36664302438408,-10.973738609517381,-206.9272907526156,-203.8682342642592,-28.83863482956463,279.1658158960513,149.51003522612217,-34.2742996962538,322.0088803577455,-21.261295561930474,41.14854033074587,246.14906766790415,251.41313174991564,48.36829227134661,336.4694777252784,-11.457449164697941,60.40664022949713,257.2291807289909,355.59299590786367,43.460892676341544,337.4898540330746,232.40149869220386,59.033749578130276,275.8471776915289,366.29159108167397,31.064630442119473,334.96639807627406,259.4217167988525,99.18553830577117,270.0714436382045,392.8162704606817,59.49114073574081,333.2261854539318,297.76530859770503
0.0,0.0,0.0,-3.458996160175535,-19.26944596818431,11.613672517827757,-4.275315414152496,-19.300850246845858,11.572353263850795,-5.289577619308831,-19.296544157981348,11.540325013713659,-5.6893856280855735,-17.16977509599561,-21.483660175534833,-7.679813494240263,-15.531623697202413,-21.471427591881515,-9.685244103126713,-13.780279758639605,-21.495632199670872,-17.61648381788261,-4.7999451453647834,68.25353983817882,-20.40940756993966,2.7903181568842568,-83.12792786615469,-4.797120131651124,20.98582007679649,25.153339275918814,-6.248464070213933,23.39026330224904,-18.936985737794842,-36.06154690071311,72.62399890290729,137.60256788261108,-35.06154690071311,92.41911684037301,-151.98895364783326,-20.14522764673615,-93.47345035655513,192.1058968732858,-19.00959956116292,-73.10049369171695,-284.57052249040044,-12.138919363686231,-260.69711327482173,101.05517862040593,-12.642951179374657,-269.58706116291825,-286.98006719692813,-15.779456939111355,-279.9092704333516,90.22467644336258,-15.162424574876576,-298.8500754251234,-323.8746091607241,-15.075452550740538,-281.0685065825562,71.62753702687877,-16.285052111903457,-293.2429854635217,-309.3921352166758,-14.203620405924301,-272.16562671420735,87.94362100589687,-14.788425671969282,-280.0864714755897,-282.6479498080088,-37.10710367526056,366.0059243006034,201.22805128908394,-44.93891936368623,421.8993417443774,-13.562061162918267,41.907707076247945,297.0076247942951,328.0593184311574,76.87753702687877,431.19319802523313,-70.47161958310477,61.35208447613823,362.91486560614374,455.8768993417444,42.91072408118486,412.3934722984092,288.473004662644,52.31110806363138,384.44185408667033,469.21968595721336,24.040126165660997,405.25831047723534,329.8153250137137,93.2424300603401,363.53038946791,518.6754456939111,55.38889193636862,412.46313768513437,413.6360600658256
0.0,0.0,0.0,-19.788478549314462,-77.60448916408669,43.34249226006192,-23.013710747456877,-77.53405572755418,43.17420389208315,-26.85260946483857,-77.19559929234852,43.00768465280849,-29.314020344980097,-69.1734851835471,-84.74159663865547,-37.9938080495356,-62.52266696152145,-84.72039473684211,-46.76459531180893,-55.43111455108359,-84.78654356479434,-80.36466165413533,-18.708867757629367,253.52275334475897,-95.4342105263158,11.095422379478107,-331.82452454666077,-18.291353383458645,84.66696152145069,93.70306280406899,-26.611897390535162,94.26426360017692,-76.02863777089783,-160.3329279080053,292.7470145953118,515.6426498230871,-159.3329279080053,371.05904467049976,-611.2643741707209,-99.62439186200795,-375.22744360902254,704.1758900928793,-94.72213622291022,-302.7828394515701,-1139.1907894736842,-69.21859796550198,-1036.7907176028307,403.47583342547546,-72.05893409995578,-1114.3568111455108,-1131.1350619195046,-94.24425033171163,-1124.3050917735516,361.40222108580275,-80.27244582043343,-1212.453588014153,-1253.983580274215,-94.98971693940734,-1131.9311145510835,303.87087088124724,-119.91264927023441,-1203.375746351172,-1199.703283945157,-76.25232198142415,-1079.22033945157,357.0136312748784,-79.24038036267139,-1151.1048208757188,-1112.997069880584,-165.74911543564795,1489.1005086245025,723.9130915524105,-201.26183104820876,1708.3081601061476,-120.32286598850067,136.88721804511277,1162.9308934099956,1190.1384343210968,304.5289694825299,1737.8842326404247,-306.1321318000885,171.5123839009288,1526.8318222025653,1664.8241375497566,133.34918177797434,1662.5980760725342,1060.376271561256,126.02012383900929,1607.8072755417957,1713.5019349845202,61.9796550199027,1637.1896284829722,1218.686698363556,287.0997346306944,1532.9941397611676,1943.1787372843874,158.85338345864662,1609.3961742591773,1591.1210194604157
0.0,0.0,0.0,-8.042904949802708,-35.86389291244193,16.23318016083113,-9.208281304630137,-35.64662104789971,16.148943609210328,-10.576994156136058,-35.177313820488486,16.075670545926776,-12.381199740272713,-31.710354128165427,-36.354927326307376,-16.156435742470407,-28.38674391888517,-36.37574296988162,-20.04849907597023,-24.950701763148693,-36.41210478997053,-33.9576944208581,-6.53638679386644,103.79731438239848,-42.746865790919536,4.197292842515359,-139.18880175815394,-8.584835922281604,38.554268018580494,38.9010601368563,-12.183507317316817,42.45012736626542,-30.926277408720843,-75.63333499825184,133.67094550721743,217.75252859497527,-74.63333499825184,166.35083162679186,-251.64202587283353,-49.499275760451525,-169.15728485090654,302.12795314919333,-46.97922181709205,-140.83187652964386,-461.75083662154736,-39.158233854452824,-471.3481719194845,148.31692504120673,-40.624694071225214,-503.79856151041406,-434.3106987662954,-49.03311522900954,-509.6720318665401,121.68315885507717,-45.30502971879527,-549.8676764397383,-481.3829229309225,-50.17691424004795,-510.8051296139054,99.78446381299635,-57.277658458618454,-545.2048973577744,-466.5660806153539,-44.18100993956346,-491.47678687378254,128.47615862719144,-45.1498926127566,-522.5575520703262,-428.7656710454023,-79.13121222716148,680.1636781379551,306.25359622396485,-94.32405973727586,775.6391289146396,-54.36862544328455,58.99270765696019,527.8399180860097,504.0932271115329,127.36821337595525,778.9930073422906,-126.15488736826332,72.74486788871685,787.0883072773588,728.9176614554717,56.403126716947206,867.6469207332301,423.17044603166676,51.67199440587383,831.555316917237,751.4476549622896,21.038159932071324,872.2346036661505,481.54545227511113,134.8991059387643,811.4273512811548,854.6490934518755,77.98626442235653,914.252085310424,629.7197192947406
0.0,0.0,0.0,-1.8822393822393821,-8.674260773639656,3.6379709345547857,-2.144104175160076,-8.614163409194465,3.61604894601789,-2.467781001942493,-8.499100697858461,3.5974483800570756,-2.9390992589750353,-7.633384493632941,-8.461509868342166,-3.842885920525672,-6.828305235137533,-8.463899014364852,-4.773052111561428,-5.974172042495024,-8.477103767476438,-8.01953284251421,-1.3889421808676468,23.90952683217823,-10.144871579654188,1.3479340032135063,-32.371127005443775,-2.0378786062015877,9.241912276073768,9.074387275474232,-2.875320751097149,10.21373414230557,-7.0943367946473535,-18.268723470586824,33.74367490827118,50.33252446101825,-17.268723470586824,40.73108467828965,-58.58382994796038,-12.117772608455839,-40.57451018010024,70.00996426772824,-11.153049233794576,-34.8271181563107,-106.4866153864601,-10.216456030120627,-115.24028154152377,31.969665789347467,-9.888690376268016,-121.40525851938895,-99.20056536127964,-11.941617304971341,-124.48639955394614,25.180846288280293,-10.924194824815944,-133.02489568095157,-111.25364816902083,-12.175339936209502,-126.00340535744263,19.60057945034653,-13.435166310942709,-132.3042009400705,-107.7889367850548,-11.299299743399123,-120.83837741912276,27.171947318880548,-10.889625650495216,-127.80228542650903,-98.05093347562291,-19.713314467972854,166.16802561212498,71.68932708218422,-22.13334852154728,188.4995923163625,-12.95333820954939,14.01086356986978,127.56551715868486,120.9353371783496,34.8181730976762,187.67532794551428,-24.598764358857526,16.223434614738963,197.5223266745006,177.8627215280942,13.822729561859997,217.3592052567208,98.20639883450443,11.170963332454015,208.53796254106814,183.55559186071608,5.113947576680496,218.74955034892923,111.57065816926065,31.225616921269093,204.5034533202235,206.12318340967408,19.95573035324588,230.9850236216696,144.13384313772514
0.0,0.0,0.0,-1.9362019802869395,-8.890511686387212,3.7225465322526325,-2.2336603875255396,-8.83781629583062,3.7062293720110464,-2.584498978423404,-8.732066278991446,3.6907345247984913,-2.821830306023934,-7.756550438941153,-7.991426053571027,-3.6573115696356004,-6.924942185500348,-7.982936303015335,-4.523597296751162,-6.086968724039606,-7.992644087204472,-8.151956712095018,-1.8762096140461169,23.310441060082177,-9.943083589662992,0.3999865286602753,-30.770041424369655,-2.0064774691843104,8.645322077280586,8.900588529154225,-2.6325916612407103,9.758896697276544,-6.7731735108556546,-18.246188733469545,30.13073935202856,47.85833623341341,-17.246188733469545,36.91672466826826,-56.33534935674353,-12.486023485035586,-39.98304856417971,68.65513089651766,-12.015536945149195,-35.21853880868452,-103.31045544354386,-10.68198657356474,-110.05939738206965,32.33891575360919,-10.712791037068637,-115.2263016682009,-97.84877017894429,-12.28928579447226,-119.46556669435775,27.17074914330699,-11.450739801073217,-126.30656840072746,-109.75598632659018,-12.190192864680393,-121.17900884617976,20.949812944834864,-13.460652461887335,-125.4881059296347,-104.41087305507533,-11.600619681627338,-116.1868502885112,27.529055469644582,-11.324704191831877,-121.36506769348212,-95.98959058353353,-19.593872785648532,153.1991737578302,67.94300220031882,-21.735737219066436,174.31639686566828,-11.958783313500527,11.109353600215542,113.18646579402322,114.48677282830778,27.084521430656277,173.64673656795168,-17.31198219537933,24.386167179325984,172.73037113540943,165.75245571297066,12.260614293091448,197.7453916792025,96.7771587821909,20.89857203798918,181.88520173331239,170.70261175598912,4.269662542939895,198.01614315543682,110.86966759469229,39.810132692696286,166.82698309346864,188.11472249040168,18.329654909180718,208.10047374211365,139.0189412649588
0.0,0.0,0.0,-3.612751690934253,-15.864998148256436,7.128981248659922,-4.129524589205309,-15.852035943317155,7.104803812642536,-4.743972087402296,-15.69826325945851,7.084332300255346,-5.155799855758922,-14.099233962926144,-14.060771299923982,-6.5826754770676175,-12.900395688361304,-14.044164083971697,-8.045884256281308,-11.601777673820244,-14.056297877317116,-14.224977096855934,-4.203243475040446,43.55149887677134,-17.602869227920394,-0.6111728358965363,-54.524628189384636,-3.379061653314621,14.253942264584918,16.24166959047229,-4.655848585852679,16.102723037639123,-12.197220435452119,-31.562540202327348,50.940744205991855,91.91216400600355,-30.562540202327348,62.65489347601505,-100.61476911681578,-21.538740424536577,-70.71594253747344,131.99748552716215,-20.930920219090503,-61.66204705377853,-182.89840750053602,-18.740521996764322,-189.63223885542754,67.41865241798725,-18.998947429974855,-199.25257782195973,-168.61294661130927,-21.319669415043954,-208.59323041537533,60.98701464826618,-20.039900200767985,-220.25176890240337,-187.94320020271718,-21.175857162349182,-211.48637019277626,49.877797259663176,-23.225795762431048,-218.7631230142487,-177.93292789895327,-20.200007796815,-202.9460801512582,58.96868360524726,-19.943726487729762,-211.61746389100054,-164.78858936124593,-32.88484104243417,264.2560279125977,119.71407617488256,-37.789330058671034,301.1649026372727,-24.42827904800889,22.10843420462741,196.64181431885075,193.31042044324894,43.402783462955384,300.16055591290956,-40.86643081301288,58.20043662164006,296.5665750540904,265.6626318149036,23.18501841997544,345.9498469875056,160.09790850437597,52.32335341013196,314.84535017445376,272.58382550728027,7.681519599243709,345.1009297701889,183.2532892813286,91.5876069625558,297.4691733426895,302.1979026567647,38.235561273219886,368.4442820107986,227.73935247451416
0.0,0.0,0.0,-291.9918032786885,-1386.8622950819672,600.2569672131148,-331.7737704918033,-1394.2491803278688,598.1299180327869,-380.62459016393444,-1391.7491803278688,596.4393442622951,-435.4131147540984,-1245.8131147540983,-1201.7016393442623,-561.0622950819672,-1156.495081967213,-1200.4491803278688,-691.5934426229509,-1060.5409836065573,-1201.5200819672132,-1205.4065573770492,-513.8098360655738,3663.4608862704918,-1507.349180327869,-246.24098360655736,-4652.309016393443,-316.544262295082,1106.0573770491803,1365.0534836065574,-422.0852459016393,1271.344262295082,-1049.092213114754,-2691.2377049180327,4020.9704918032785,7759.76024590164,-2690.2377049180327,5088.116393442623,-8522.959836065575,-1814.4704918032787,-6241.306557377049,11160.65655737705,-1810.0754098360655,-5361.639344262295,-15470.807377049181,-1633.4016393442623,-16176.727868852458,5720.184221311475,-1696.8360655737704,-16383.968852459016,-14158.212295081967,-1822.472131147541,-17800.49262295082,5176.050307377049,-1750.0836065573772,-18594.396721311474,-15759.15,-1816.9344262295083,-17995.873360655736,4226.640279200819,-1973.193442622951,-18416.140163934426,-14918.402459016394,-1740.6491803278689,-17312.663114754097,5002.405225409836,-1754.488524590164,-17645.563524590165,-13826.58606557377,-2738.650819672131,21912.019672131148,10128.525409836066,-3182.044262295082,25060.02950819672,-2009.9422131147542,1894.4573770491804,16355.554098360655,16967.091803278687,3516.4081967213115,24986.396721311474,-3356.477868852459,4726.477049180328,24102.819672131147,22470.55655737705,1956.4737704918032,28467.422950819673,14588.524590163934,4264.893442622951,25568.980327868852,23111.581147540983,628.4672131147541,28339.019672131148,16699.41967213115,7470.9065573770495,24676.554098360655,25593.172950819673,3251.1721311475408,30254.895081967214,20572.27131147541
0.0,0.0,0.0,-11.769958921235935,-49.45281895576591,21.33229148062154,-13.105197356670834,-49.776269571947374,21.2849913675061,-14.80669167113175,-49.768291956897066,21.240742394475205,-16.6814312079538,-44.45662915996904,-44.790766208251476,-20.864975888551527,-41.312436744656786,-44.72261415728999,-25.213371435375365,-37.81615764719891,-44.761415728999225,-45.13645293802465,-17.165982020598918,131.25178975412277,-53.29654104899684,-6.865392629636244,-172.1416324343633,-8.745668869440971,40.22206346371376,49.48103828064535,-12.018515211049593,46.009049234982434,-39.01250223254153,-87.21301422873132,144.0331011490147,280.7170923379175,-86.21301422873132,185.68309817229266,-313.4517771030541,-50.024111448472944,-225.13788176460082,403.66184437697206,-53.912008096683934,-188.43079121271657,-560.8075549205215,-43.027207239387984,-581.3628624159076,207.02034961600285,-47.157349526701196,-581.1900934690718,-518.4264749657677,-49.36018336607727,-644.242751681848,187.30629353455976,-48.74983628028815,-659.483925701018,-580.4842233732214,-49.22694528784902,-646.6066708340775,152.61108615005656,-54.685777222123,-652.9722420670358,-550.778085372388,-46.588378877180446,-621.8521611001964,180.8764027802584,-48.11109126629756,-624.5619455855212,-507.1270762636185,-82.55914746680955,796.0122640947789,365.3927040542954,-96.43245817705542,910.6624992558195,-71.68920045246175,79.3391081740787,596.0804905637912,616.3514615705185,163.82157528130023,908.1472882062274,-110.12984461510985,176.21164493659583,867.3353575043162,835.3501518128237,88.36179079597547,947.1229386199917,543.1636601774127,158.7307852592725,908.8330058939097,865.0311067452521,40.00910876942311,931.167232243853,619.860868012145,250.0155384890159,863.8440197654343,965.8624456748229,123.36065964160267,981.237363814967,774.5156575578973
0.0,0.0,0.0,-49.394072164948454,-207.58917525773197,85.93547036082474,-55.56829896907217,-207.2048969072165,85.92342139175258,-64.05077319587629,-204.9951030927835,85.87789948453609,-70.34201030927835,-187.22113402061856,-196.91456185567012,-89.06984536082474,-173.790206185567,-196.44884020618557,-108.37371134020619,-158.79123711340208,-196.52880154639175,-200.46159793814434,-63.51417525773196,545.5290834407217,-236.64175257731958,-25.18479381443299,-759.7740335051546,-43.82371134020619,176.85180412371133,209.40125644329896,-57.66520618556701,198.29974226804123,-168.77403350515465,-393.97448453608246,610.7940721649485,1186.6711984536082,-392.97448453608246,803.485824742268,-1358.2090850515465,-241.67886597938144,-952.7396907216495,1684.9650128865978,-257.16211340206183,-787.0128865979382,-2441.926610824742,-200.06494845360825,-2464.813530927835,874.254574742268,-219.36082474226805,-2437.7295103092783,-2224.0701675257733,-222.47268041237115,-2742.6184278350515,788.9121456185567,-226.6389175257732,-2779.24787371134,-2449.4933634020617,-222.42345360824743,-2702.516881443299,643.4498429445877,-244.9213917525773,-2725.639175257732,-2308.75212628866,-210.97783505154638,-2580.115786082474,760.9275934278351,-220.49252577319587,-2591.6369845360823,-2166.295425257732,-363.65257731958764,3415.221649484536,1547.1044458762888,-422.204381443299,3906.065463917526,-318.3277706185567,321.2005154639175,2573.1628865979383,2521.6678479381444,575.2422680412371,3909.288144329897,-751.8826675257732,504.56907216494847,3687.964948453608,3553.0550902061855,295.1175257731959,4013.042268041237,2032.121456185567,399.180412371134,3883.7659793814432,3663.811533505155,109.3257731958763,3938.764948453608,2356.0169458762884,792.0082474226804,3703.715463917526,4125.466430412371,407.659793814433,4125.692783505155,3096.0478737113403
0.0,0.0,0.0,-1.1031573249232145,-4.694864492745095,2.3218444402603056,-1.2960271602904316,-4.741194676206503,2.3234845899478684,-1.5384280452357697,-4.766572131282582,2.3262544570883885,-1.594266683926239,-4.296933287830825,-4.73499299810537,-2.080562975864057,-4.132229897501677,-4.7261891452981395,-2.537480730079904,-3.9831424973816443,-4.725315379455617,-4.9523106252280025,-2.4201901691045813,14.160230672711439,-5.7711733763253585,-1.7628711298351318,-17.993948362498088,-1.0852936676983185,4.058880638290361,5.395737228897231,-1.4095814161478988,4.529966932228721,-4.009564352707203,-9.190675123857044,12.822022429598597,28.644449380420586,-10.190675123857044,17.14771055697424,-32.1634354001671,-5.33644986290408,-22.279640373277473,40.32035433117196,-5.967714793414689,-18.17793638278593,-58.42379996940348,-4.921884745284018,-56.304282335220115,21.784037151229157,-5.589583063652518,-56.09933717358815,-50.209077162055614,-5.451504524753757,-62.289907857420246,19.838590515668947,-5.962731091942525,-63.75797127458018,-54.21532591171729,-5.942737446603198,-61.68009284865317,16.665488345375806,-6.615713663697235,-62.51206797133342,-51.37128575967615,-5.779157889781941,-58.976350953787495,19.200722327806346,-6.217429422078916,-59.435670828577145,-48.77521270461419,-8.081663273591678,77.58213987314214,37.162174764936395,-9.713557786224507,88.03373265707191,-5.438227402708968,7.459318403803382,57.2607587935559,58.89209433140732,12.063058239288278,86.71183379031973,-27.01486578721301,9.235387222424892,82.90738082069265,79.78233816209092,6.451375077962272,85.11220094849195,41.956117537686666,6.423132141638326,87.01879920449063,81.84442555044306,2.3745778269414077,83.79893971309883,49.96275168575026,15.1247690551561,84.42952210598162,92.38118255527966,8.291778951951704,83.7606705343799,69.1440183814444
0.0,0.0,0.0,-0.6789598175415343,-3.038857026025712,1.318732132218936,-0.8155569107553907,-3.0752394414853303,1.3195164639154544,-0.9864707188708444,-3.110659508391468,1.3188678480405809,-0.9668994398637907,-2.897176758401162,-2.721798428516538,-1.272623122450922,-2.8438422030379193,-2.7180530243477707,-1.5764996598291743,-2.789971834560651,-2.718683133519693,-3.209742633450954,-1.9432038099132476,8.468227075482673,-3.6124625900218907,-1.6229849725572034,-10.032453706804475,-0.750949129479944,2.3396279623943794,3.1841769452307345,-0.9745700276014255,2.4648637025391196,-2.1857755718571212,-5.630144422784747,6.798640021714531,16.95776946640769,-6.630144422784747,9.545112291623337,-18.459792865930392,-3.1666449286346285,-13.697935356967863,23.864384643314146,-4.033699824803212,-10.699539271223664,-35.12100387406982,-2.921728984316891,-33.89028345218749,13.15682591097042,-3.5215118390022595,-34.011230924876884,-32.222618011075824,-3.23337481184852,-37.27861488784938,11.701360019595073,-3.936351042191758,-38.42521000701492,-35.56539035042883,-3.5429478886495747,-36.70228971979089,9.931670829206045,-4.230953077576574,-37.377351673182204,-34.081716787518374,-3.4175464694498396,-35.08052178327065,11.676067745879173,-3.9284442736735983,-35.58778610481492,-31.617755507066036,-4.76283219531798,45.593828983964386,24.288774186498216,-5.796789351419376,51.86042420888251,-1.2435684800885503,4.57058456505723,32.933086812299734,36.04626851992202,6.95391654710749,48.43336353157243,-11.818535608659023,5.846785650078786,48.95830527952172,48.19161135218784,3.816892918454179,51.43199932318343,25.654009256876563,4.176790126938357,51.65613135881501,49.33075355769333,1.1340378805771272,50.56023138666319,30.03329972751083,9.845770425231157,50.99218135863875,55.48679855189456,5.351377074953909,50.461980181964954,40.86325837824881
0.0,0.0,0.0,-0.6228623593224516,-2.6848598895021434,1.208118764193766,-0.7541912738616284,-2.735194379338637,1.2099459271767041,-0.9114589021340703,-2.779085494426103,1.2107692006126947,-0.8658596346794134,-2.578192774795512,-1.9153232468336177,-1.13141852253221,-2.5528225117680496,-1.9152336388405846,-1.3986211570072051,-2.509169417912078,-1.9174577372301609,-2.7011657439843635,-1.8546642360498558,7.212506580586989,-2.9442134238374065,-1.6001383323392446,-7.032195871871771,-0.6392578217977044,1.8964887667979984,2.593696707746331,-0.8518219825208408,1.9827868645883213,-1.526461660380106,-4.124527107818017,5.7393079462688075,14.048831455765855,-5.124527107818017,7.708219573185928,-14.27081775694392,-2.434649170706027,-9.358409570133656,19.922902822931807,-3.3136055736171666,-7.659013584011694,-28.537453340838002,-1.9383188980457058,-25.584412129561958,12.772317640733553,-2.4890552237259564,-26.668157799675733,-26.169993363408015,-2.183727188465211,-28.818333095312102,12.027307685845578,-2.7822469764302977,-30.104253299394305,-28.88229290052673,-2.341053621983081,-27.90291884036056,10.7510154405773,-2.862670150177396,-29.14489192435965,-27.603553236948734,-2.229024028943382,-26.620301530896555,11.688958405089734,-2.63003099876509,-27.74901081176441,-25.660588724514227,-3.2806774364273292,35.59501107498789,18.40191705100095,-4.140989776288045,40.77649246312771,-1.9020759651760937,3.802918420323093,25.636045935297428,27.09652320987032,5.9150796251025595,37.502759646160435,-9.70995152767627,4.673527278633254,38.779326315907376,35.68565096006564,3.1087420997953017,40.26570450084147,19.8681929428105,3.3106625110959897,41.098689203076916,36.50722744468806,0.7913477882227095,40.49720115034261,23.3414456569526,7.980454256519682,40.86731016406664,41.582736180067265,4.606164469870713,42.15071504378191,32.1195356625811
0.0,0.0,0.0,-0.36523891478578957,-1.4940620594175102,0.8290432771081276,-0.4393663233034002,-1.5414036402433604,0.8290131110998209,-0.533831972158362,-1.58975022545122,0.8277366126430504,-0.5479671285770535,-1.4363957653275077,-0.9652717798579975,-0.7307286837459197,-1.4400045725317854,-0.9654900864970596,-0.9247072309509596,-1.4329139728950477,-0.9681292153027397,-1.6552199895847888,-1.081646683009234,4.623377981671768,-1.922370159149509,-0.9424543699432244,-3.5298476775348973,-0.36572157091869784,1.127807026457177,1.6096812246764298,-0.5451092962111493,1.1115157942868756,-0.7561860163086968,-2.322406358359477,3.2129132743138027,8.939750542988149,-3.322406358359477,4.416749755496564,-7.875002381526971,-1.1905523237352504,-4.907880949054375,13.723850833851976,-2.1953058515705375,-4.073189086890806,-16.183153713276855,-1.0214734348604744,-13.675201000876402,10.894819067457545,-1.5634422908384245,-14.908647800739226,-15.733019712692586,-1.1048364049738986,-15.207858086395447,11.000938321626805,-1.6690074430656285,-16.69088097445733,-17.273273869250993,-1.2750234977327863,-15.068802314209142,10.283856581270403,-1.7461530400985634,-16.57218686095693,-16.48488047909972,-1.2310351068829304,-14.338024412239143,10.338786500870052,-1.6308934854123533,-15.804486161740611,-15.407873010631137,-1.7723593628939045,20.07603898083347,9.479300561405292,-2.383132120765645,23.004351843619414,-2.042690855571503,3.182066149293163,15.160827691760552,13.578099795506217,3.338211759027575,21.356220865986714,-7.100043978864742,3.4994093813110463,21.97414138014251,17.381204671603307,2.1640332270643077,22.902654291194064,9.41105750911331,2.744230353990169,23.310520951086612,17.722017058083853,0.9637610979156876,23.020168358080046,11.38620587824364,5.6018690223673016,23.178911419898135,19.65465953690414,3.558172765492627,24.678060420926954,15.507146962441732
0.0,0.0,0.0,-0.34998621792221396,-1.3457275558863255,0.703380054577028,-0.4267592822293889,-1.4120882604261418,0.7033452548306183,-0.5203326993577552,-1.476524986907026,0.7026702775710466,-0.4948964965958268,-1.3093690564789549,-0.6977120028115439,-0.6580418423881584,-1.3455346067973208,-0.6974887331514099,-0.83213153615039,-1.3709956172992641,-0.6995536329557044,-1.5265001791670112,-1.1021210617712727,3.855265442818159,-1.78810744507842,-0.9637738085393754,-2.533735942280658,-0.3349775352132087,0.9015670222442735,1.3341248552881833,-0.46228672234626095,0.9029397171917638,-0.5280082830287494,-1.978341464759227,2.6528790760495053,7.349610139474628,-2.978341464759227,3.728947876181813,-6.121533635160837,-0.575852421511067,-4.637196449736762,10.546165309132006,-1.9660216654262797,-3.621257476777199,-12.912931551310676,-0.8292455690619918,-11.593390115493811,7.385348100829681,-1.3793199922820365,-12.664320267923593,-13.501797010667328,-0.9118718818049009,-12.998328923068442,7.471230084897599,-1.4739863281788363,-14.028262217811957,-14.78650579536371,-0.9812301882631825,-12.651042614184515,6.710586186223435,-1.4624934535130516,-13.863248022271838,-13.889710128448964,-0.9569282505030459,-12.16107252129331,6.85322242206235,-1.361548002976929,-13.351428512362524,-13.154574099341216,-1.4441136745775793,17.148799581024836,6.913612730505251,-2.0759557870944625,19.69243363929546,-2.4924369125389343,2.8852628242233798,12.777383610353096,10.439605729209736,2.781880702334684,18.33697180186885,-7.355833781250861,4.331347335924364,16.733983847404836,13.402766924391521,2.8101367182116377,18.271181675349375,7.265681075828992,3.975946139640012,17.85862344607073,13.660309855563824,2.1363419609140273,17.974591361393642,9.00211709942391,6.177856335621159,16.84180379834064,15.009744101270707,4.041003059621269,18.823051903304943,12.439622956806968
0.0,0.0,0.0,-0.31885247038267933,-1.1256500094756936,0.6324379862070878,-0.3731886402610669,-1.1744810324346062,0.632562788026421,-0.43258621725685603,-1.2228694711638464,0.6319308343694966,-0.4709916660118423,-1.0903715396384446,-0.5975570332758628,-0.6263826423780755,-1.1110528189033155,-0.5975960338444045,-0.7853558931881318,-1.1247833301747687,-0.5995423066611816,-1.2131291513938514,-0.8818369441118964,3.3631347270306873,-1.5538138511530302,-0.7594167594976495,-2.235359042122925,-0.2593612920223904,0.7586194145407986,1.1339066826174178,-0.4077402550579404,0.7962702745177797,-0.4912515946899137,-1.4332344933739478,2.336508461101122,6.504560610928017,-2.433234493373948,3.2291731186125734,-5.463199207970677,-0.336256546317653,-3.1439924102004686,10.291187922650606,-1.6112041988878771,-2.5514171939928723,-11.302669401136159,-0.5048464706507722,-9.039536754135794,8.943309784693751,-1.0695469693958206,-9.84532547852253,-12.165876206995373,-0.5289782891057256,-10.21630408656624,9.307212245138507,-1.0139662480413048,-11.127813818797003,-13.329767573945078,-0.6236416246423503,-10.140370268508804,8.6895154627143,-1.0357510989493535,-11.208223168764416,-12.577403272812155,-0.6425213665336988,-9.63140013774423,8.545364739094863,-0.9994892369986549,-10.734215458785355,-11.89045245859584,-0.9434740204212755,14.421631390893165,5.667837213360266,-1.5571210993653597,16.48074354150585,-2.24852852299358,2.781121875910013,10.749206121760352,8.81878761388166,2.409748639891284,15.266997314449739,-6.762383258298166,4.255673860490055,12.566907642031405,11.292735811882057,2.6925287621970666,14.884935033719602,6.109296782193091,3.655906361657183,13.98536351996598,11.505399267598213,2.1167763690066237,14.642627679194613,7.633896607470544,5.668402721604119,12.368960400844955,12.60181907318471,3.770650078810038,15.245845717217566,10.594948039686978
0.0,0.0,0.0,-0.4947454655059003,-1.6249778878471608,0.8582600268952476,-0.5784470484784263,-1.6935212680267715,0.8590738829283875,-0.6658548858841169,-1.758973240430805,0.8580185106627807,-0.6812981851718909,-1.5538257029947153,-0.8930108851902676,-0.8763402540793702,-1.5711547610255916,-0.8948094834085862,-1.085216372782559,-1.572812099083054,-0.9003581310035569,-1.7872939705526234,-1.1753532362745789,4.746602886344393,-2.0922458905744694,-0.9595094279349912,-3.170689504155367,-0.32367211155173214,1.1453184922860788,1.6476253479980558,-0.5070492684526989,1.2066554574510655,-0.6677661916775868,-2.2834288521087696,3.540975751340898,10.031272165823113,-3.2834288521087696,4.970805088457198,-8.291284462756265,-0.12465414875510726,-4.776953211543317,16.583795183930174,-2.1329751880177032,-2.6004905033670584,-19.693839854772534,-0.6407870037217115,-12.421120154432993,16.70110122814761,-1.3991986384066197,-12.861120223130943,-26.29649606103126,-0.6044818542950817,-14.766580679731872,17.84628575943008,-1.2322042252674497,-14.96851315308136,-28.910607650547266,-0.7325932274125432,-14.450760743930108,16.624458359595987,-1.3229971541873977,-15.065610836414722,-27.534343822937903,-0.7491322590118831,-13.31002869856885,16.12742525233616,-1.2972920985334706,-14.322157321741699,-25.94060804556048,-0.9309860388589958,21.030874576434197,8.56528752668486,-1.7108571958527048,24.56620850858467,-3.208730135558231,4.43304783610043,15.202660671625514,14.644880542851205,4.127623617668426,22.51322177931127,-9.520578471092762,6.7607507999017615,17.29178939269294,18.842277234014418,4.822125548939561,20.781590323206682,11.508749542729266,5.880262907056825,18.809622521936113,19.20183887239184,4.025473200070759,20.534312050135764,14.098250950178528,9.064560616495408,15.923820842614713,19.817331290714268,6.087699803695606,20.680058187164132,19.249657798333732
0.0,0.0,0.0,-0.5026632042126524,-1.176029719396956,0.7667475474284066,-0.5852326336290846,-1.2045343720695376,0.7659342314073433,-0.6748048762894034,-1.2257765274471615,0.7641432229676116,-0.6657491163528818,-1.1349260621799033,-0.701110329654476,-0.8551136117723437,-1.1362850753805094,-0.7027129769891077,-1.1085796725095578,-1.1327923248936016,-0.7074610473923393,-1.7484570439298852,-0.6174262425160499,4.283767222101998,-2.099953833946476,-0.4412334992425882,-2.285083134963572,-0.33903195556517346,1.0335136694799105,1.4586335930173844,-0.4829142321286879,1.038078338022073,-0.4660156531775229,-1.802653105388444,3.6263146505085477,8.459037906658011,-2.802653105388444,4.853337661400851,-6.63566598138931,-0.033225131645387,-3.424333838274544,13.10373385991488,-1.6954742840654982,-0.255014066219433,-16.433396631320782,-0.5987665007574118,-9.366319699920652,12.17235032099834,-1.3230642718026402,-8.764968621510496,-19.45186449541946,-0.7192440308735483,-11.167677270432085,12.700589518863161,-1.3224064055399265,-10.726397605135974,-21.47373710596552,-1.0382889706412752,-10.775332179181996,11.850101889922817,-1.527816489937243,-10.860333261198875,-20.64838040106759,-0.930149318329366,-10.191674240784822,11.736646649354396,-1.4509918488061746,-10.236488494553848,-19.248527555363196,-0.6980220731443411,18.30958811224122,7.239231948351728,-1.3657794128255067,21.30677775373296,-2.6943001154151336,3.833099617687369,13.529283704825795,11.731818690038232,3.466200678063911,19.715364639688378,-8.341490838923754,5.708148308446945,16.211023587967972,15.175662013994085,4.393771910841809,18.021638894900093,8.258888588328645,5.383750991848806,17.476821755752724,15.452346714275409,3.9051850248863884,17.682298203851982,10.271093017384404,7.4849498665512515,15.40683401861069,16.296917153574263,5.535166991271731,17.34955060232273,13.780888155521893
0.0,0.0,0.0,-0.43399675503215024,-1.1518832791597928,0.8657921995546336,-0.5152747605747295,-1.1651108788091622,0.8636563941111456,-0.6022369044313411,-1.166810947955289,0.8590017912658097,-0.6052926732328264,-1.0844181652864664,-0.5887185303453495,-0.8020869063369431,-1.0541599290027168,-0.5895624397693677,-1.0229284745928817,-1.0180324387893438,-0.5928492628042837,-1.6507671408893172,-0.4789294872841906,4.247526800929934,-1.9727444478926766,-0.2626314184756274,-2.1401374551502976,-0.3341282415649892,1.0472616500334841,1.5393584212632507,-0.48422842178048553,1.0839649042571147,-0.34865998753191885,-1.4626120902275288,3.6135657078766696,8.32161030848973,-2.462612090227529,4.9244469670984214,-6.066341659452602,-0.04378120423152519,-1.5040684601103071,16.184070086677664,-1.392123875014292,0.747637053612749,-16.18036130893074,-0.5319446939875537,-5.80007377401739,19.716918580435458,-1.1591354556294202,-6.753734979773396,-21.79072560557307,-0.7065481926726883,-7.321245691978505,20.883880615400532,-1.2021503356581678,-8.471652810218382,-23.8882025886241,-0.9700861332070192,-6.9491435680490445,20.031594709776826,-1.3908130931185991,-8.684944111417822,-23.36526730831006,-0.9303611387877105,-6.429921489200682,19.460168666187545,-1.3333197218910104,-8.131114259891435,-21.730073018582342,-0.2364647817541338,17.2844423936538,7.324347909826917,-0.9172669312731054,20.298198117265297,-2.064635124871372,4.13097746489609,12.521363158725752,10.892142080318399,4.564937469033969,18.45320522243819,-7.111812724248512,6.327537581192254,15.881091801011602,13.021541979049267,3.751936908242545,17.33474211761375,8.412860056678046,6.108820759082915,17.131594063233315,13.163439223548885,2.781539073006332,17.588432179627482,10.256768800124137,8.44493354893858,15.222534831680905,14.112608653338341,5.2544631919376705,17.25370775688875,13.615542599731038
0.0,0.0,0.0,-0.3441276715796537,-0.7206296437094994,0.7140777991880555,-0.40877932732998346,-0.686127991826091,0.708969922977464,-0.4853258507499104,-0.6381531148323117,0.7029262245886085,-0.464842060774931,-0.667091846460351,-0.517993710534256,-0.61060647486011,-0.5922260721992325,-0.518486879154898,-0.7699083811978306,-0.5067736478574533,-0.518664975387863,-1.338644268296801,0.12424363564669628,3.571141956313593,-1.5505112505623375,0.30235293989497225,-1.4509723400755739,-0.213658837331149,0.9699850660589973,1.2724246712844605,-0.3318047193867825,1.0126421093565334,-0.3231139500001634,-0.9788561102257738,3.4095331046584962,6.741063327099058,-1.9788561102257738,4.640658444103381,-4.69327580516381,-0.0015228044873715066,-0.8158670127651972,11.371946629950884,-0.9178655030319931,0.6757842497573643,-12.40812086144113,-0.42053476797927763,-3.4527206241973416,11.51570078961443,-0.8974252840008583,-5.474048056572514,-15.213291207492459,-0.5216465895388342,-3.7639456975326864,11.77789221202057,-0.9069161248438254,-6.69176661659639,-16.802924808532932,-0.8092289794704606,-3.7298699516253597,11.215056375354967,-1.1594380655372352,-6.778957521597572,-17.32751897242286,-0.7345102571448179,-3.517835221226021,11.229097112008915,-1.132650649261527,-6.300414577530682,-15.905193438651567,-0.022919405735896903,14.537652375760176,6.191909311437482,-0.6164722131751998,16.88938753413511,-1.4201992717116736,4.133715958838529,10.959606467235195,7.376650657975715,4.092373668771506,16.32085643047221,-4.4269380628140516,5.896053888543347,15.862315817450817,8.104529962104172,3.0581868169573756,19.5457533034945,5.778492946408829,5.661470105430792,17.23174622539467,8.101690770475892,2.1842059685657427,19.944542902674492,6.957518874388237,7.841487817019464,15.8907654652342,8.025615357886286,4.362430735815207,20.80401680531304,8.352832601523023
0.0,0.0,0.0,-0.24322085721155393,-0.6343503704082347,0.6550483386059474,-0.2813351356775167,-0.6112540491214519,0.6503789513840376,-0.32654425114681723,-0.5769877376226096,0.644839866830998,-0.37791957985691055,-0.580063271368286,-0.31071220993523296,-0.5151097782851604,-0.5209948485519716,-0.31206396807276016,-0.6688684799915183,-0.45721041800375234,-0.31314925568107593,-1.0049214219586862,0.08063407680030897,3.618501408554698,-1.2904945276514055,0.26168257916967214,-0.7835743400712987,-0.19006684955159114,0.8128117894513641,1.1637686221722412,-0.3260699998674747,0.873124056940445,-0.06626123388634252,-0.6992915575699402,2.8982603213549387,6.31298951535495,-1.6992915575699403,4.097054909021376,-3.2185328123195527,0.08388000022718624,-0.4564891016866685,9.94347558978495,-0.905251977940216,2.5335326892603383,-9.880234986302563,-0.37100365201883373,-2.661835172595281,11.714485584086361,-0.8138644190374498,-2.696625905668486,-11.881044337288268,-0.5244121082693899,-2.4087515926702148,12.069276657938929,-0.8855132799824309,-3.7874890429968895,-13.062777238210455,-0.7319050891611337,-2.3044125247774994,11.821701397763352,-1.0320730176580506,-3.897183079926013,-12.77057029426298,-0.6530241328585141,-2.1010429741708174,11.604617371038676,-1.0064606087455343,-3.3288340991402894,-11.88729763858834,0.14227065075605688,12.614871043409611,5.931264329298885,-0.3944047815130982,14.649959958424917,-0.7200869082035058,3.7935549156476416,10.637671075972973,6.7411577221550125,3.9872614781115523,14.448934212544088,-2.7461827978364295,4.38914447341069,16.74473448554622,7.913393291568929,2.792812773925078,18.565280073305427,5.185982466901804,3.884968979611928,17.95333310614709,7.9932733940299245,1.9699763915630604,19.09602310484077,6.181218892050564,6.095118146311726,17.772161544563527,8.321020785647887,4.0451617850023,19.98120885799156,7.779217097279256
0.0,0.0,0.0,-0.25535516874578545,-0.5566968959866838,0.5284049556253191,-0.2811828123211288,-0.5265525289097641,0.5255354959845112,-0.31118345573520084,-0.4938386835580965,0.5218254200365827,-0.36468208242217826,-0.48122442533513937,-0.3499113425544876,-0.4715255849009936,-0.3965060109079575,-0.35170287472393774,-0.5811783836268666,-0.3110021299512593,-0.3524459344168872,-0.7944208479528988,0.1246744283015289,3.0520996188816127,-1.0520864581392297,0.4308568019312449,-0.5619902301333372,-0.054044275244183995,0.6958130455963321,0.9645397375037706,-0.1754690446805115,0.7576961096845516,-0.14247004991054874,-0.20075688891748508,2.5757770478324047,5.109991635617063,-1.200756888917485,3.739296138429284,-2.7611903912375357,0.17812960364857558,-0.5819805622102026,7.293927633464551,-0.5084709222797581,2.7619827514892528,-8.390231679202099,0.026614781310241732,-1.1657476429737095,9.0251489252896,-0.5143452091973117,-1.796540771979902,-10.321792476400491,-0.11776984326600326,-1.0289670028853362,9.258099914684966,-0.5322672157133415,-2.720019619951184,-11.35296547039,-0.3225067078006018,-0.9966099598827148,8.949242776841439,-0.7303008754609394,-2.7713916377896304,-11.046676975218531,-0.2299495045293844,-0.9087647201859049,8.86327513639125,-0.775563802025668,-2.2366092579764545,-10.278959482461117,0.5833451014045645,11.074009330339647,5.097157404985707,0.028285986692191543,12.747302047811514,-0.7021187124031014,3.635975536895619,9.225276814281452,5.7951931537400325,3.478262213795633,12.678242827813202,-2.6596258087589546,4.459602370103473,13.38978860087521,6.595916117188263,2.7703446276178387,15.452903343329927,4.1953235913200935,4.18909605336493,14.366031580768103,6.642422420557163,2.0693383112970976,15.814916510757131,5.048236418740563,5.988919072714982,13.751188435927238,6.790539264552647,3.9335537096163664,16.443944846879983,6.191928119785317
0.0,0.0,0.0,-0.26880790611488575,-0.3821081351860048,0.5825432973596028,-0.29383453380866,-0.3494915204777908,0.5778900166818246,-0.3184117735746281,-0.3201334545967424,0.5713487230865752,-0.3585318048956049,-0.28075656694858786,-0.34640976008326324,-0.4558272093690574,-0.1828454426519724,-0.3493981411681168,-0.5502998351271564,-0.08674062437686333,-0.3517885542256569,-0.8126032887025626,0.2830161517024702,3.4843255290278337,-1.0757442379616076,0.6786788773083414,-0.7729328884846776,-0.05670944930524821,0.7680088321263734,1.0796517000384216,-0.17118567405757418,0.9194690997164576,-0.10878081638806884,-0.17703258062476596,2.9258860091531176,5.894997154849158,-1.177032580624766,4.3255144373167065,-3.337984709138041,0.49746951797794886,-0.6229469926512429,10.476697728256482,-0.24945601688609184,4.257020713670828,-10.713075778282501,0.37112244848331577,-2.2610525599062314,14.430808120109138,-0.2973955926911236,-0.8335397080923872,-15.399448721627524,0.19721807473262878,-2.6959987938505834,15.251071430308395,-0.2787576661008788,-1.9582701482882892,-16.776161283576428,-0.045681936453434366,-2.4658771575727214,15.015704016769368,-0.4620690326000788,-2.1860699469391527,-16.509485538365766,-0.02755273256068439,-2.2014357068862376,14.42120366902871,-0.48463472640348615,-1.6798237465529904,-15.411401273265795,0.961204787635023,12.786683721360031,5.82368430011721,0.3205643612028422,14.73412284242728,-0.816036923735367,4.460795766804628,10.119840671552868,7.009458789084348,4.172022197040071,14.764552824967293,-2.6850673352365853,5.416727541546497,14.292938676056474,8.674731412897044,3.517865115532578,17.78597656762948,5.03905589627115,5.129383842461323,15.519582905750124,8.795725221654273,2.728636807983931,18.22739223687218,6.013976499540399,7.075297768137228,13.981057617952173,9.29216513547295,4.87555358853769,18.679102975006444,7.262958324619552
0.0,0.0,0.0,-0.30112154331257995,-0.35726043987700845,0.5815786559901545,-0.32987150166869494,-0.33285908297225636,0.577067153459186,-0.3584490053480547,-0.31026164118060906,0.5708102822181591,-0.40348515224024506,-0.2574033028990023,-0.36863877408241374,-0.5609470505350994,-0.14076808961372111,-0.3715580104217497,-0.6523852637478713,-0.053702974255260355,-0.37759392410818393,-0.8476872456048554,0.32451854769645627,3.511685396616361,-1.1304560838286506,0.7307188812394788,-0.7101970196696317,-0.10378048087418844,0.8206001030808636,1.1460738880102845,-0.22717670137317036,1.1152114823459323,-0.10728150678354391,-0.3172303778913104,2.8518957276313546,6.630357608288799,-1.3172303778913104,4.293487484297806,-3.312105485430519,0.3712361276870104,2.725122922949994,13.076774911372015,-0.5865791067239686,6.672507588985633,-11.94223037789131,-0.03375212383813561,-1.4906717697573288,18.40105241446346,-0.6611892709674512,0.020213451856729358,-18.115555166879297,-0.0511700461904174,-2.3148728440715765,19.89036708349746,-0.7196073128621793,-1.2594267057825228,-19.61025708484966,-0.15202761626482766,-2.152753689648212,19.916147097960135,-0.8372263016898599,-1.3781058989298012,-19.26141850830624,-0.15573049253447624,-1.8021200166967482,18.60505747835988,-0.7725695158922864,-0.9639971466589846,-18.11703278990513,0.8980126558216192,12.793662878542914,6.308445232902001,0.16398871989637043,14.550486106620104,-0.27604090115407454,4.263652825219145,9.51190133240835,8.132107876279447,3.880517324836021,14.600592029066451,-2.317395238683152,6.568856449119012,11.680534570303697,11.511393032047174,3.927791463101558,19.71965826538031,0.07269846495740566,6.740981894218653,12.839792544862712,11.737253786653968,3.5925670074606244,20.78792484111633,0.32200791135829615,8.364646595293946,10.241537472637518,11.229986193827298,5.470661148117011,20.500058791367074,-1.233755210384907
0.0,0.0,0.0,-0.3044284932433182,-0.3290969774020224,0.6251160124008398,-0.323703414670798,-0.30600805491068644,0.6219415203579884,-0.34134925303809477,-0.28178355565308044,0.6170624891671953,-0.40312975202589457,-0.26252400293371564,-0.3102995531975024,-0.5621062302181247,-0.17487882200559934,-0.31317307470643635,-0.6491366628216436,-0.10093313672771174,-0.3198181198776309,-0.7440444121511837,0.25257020297794336,3.3654937069409354,-1.105180876887256,0.5759670973035602,-0.6901454989749926,-0.06379038448238618,0.7874089297317051,1.1029581774761337,-0.17930586375981783,0.9544147040968707,-0.0993627535943566,-0.27001710195686346,2.6025387398171635,6.31879524697087,-1.2700171019568633,3.823786661839754,-3.115677704529756,1.1805584134711848,3.421194814597882,10.734386886735182,-0.7539563750681987,6.842178736367742,-10.34726791329658,1.2191757078784267,0.9339265085454286,13.361975766962571,-0.6411825025550477,1.0137882926304482,-15.365211733837882,1.3019276629061716,0.49007224146631134,14.304675246390275,-0.7280916931278821,-0.05486543415319699,-16.697555777737744,1.1088898584456601,0.25542451360173357,14.18864235393964,-0.803833809620982,-0.14706402176892122,-16.382222332269762,1.048939089540655,0.5154263407703651,13.420115589761366,-0.7461046728557024,0.20735204843533744,-15.360802622243131,0.7805032568853947,11.154564805146126,5.180254241123077,0.12317251118713878,12.661167799824284,-0.6508398145167694,3.0929439699592987,8.295812624710663,7.546695258155874,3.3248116692893084,12.53523148262781,-2.8202437477107027,3.6392998358109683,10.951726887810992,9.985504746796265,3.1770466636669226,16.126181362709197,1.6139503257739212,3.466075711379077,11.710123111890171,10.190537827940481,2.7380907453908816,16.579788782721472,2.600283755446286,4.734504713497397,9.713560579605213,10.504778387498067,4.382388826607674,17.285024645431097,2.482094040911501
0.0,0.0,0.0,-0.4494948930047638,-0.2240783767432165,0.5750771514710892,-0.47723688424991484,-0.1820713708303888,0.5709562206710017,-0.5077110798155482,-0.13699559207081158,0.564745209491029,-0.5276011612122568,-0.12001260860944324,-0.6500263103039794,-0.6275711649236619,-0.0018221474292163852,-0.6525775200695507,-0.7194157333075738,0.11404182194406455,-0.6591589091519184,-0.8978621289230315,0.805445088997463,3.2832877457534915,-1.1250916412037155,1.053125969159748,-1.769722941059835,0.11639170068788099,0.7923036641229136,1.0845167674169127,0.019680615788216033,0.8835208525046901,-0.5110710454469193,-0.07866552104570113,3.994543725945773,6.950663858539537,-1.078665521045701,5.3414055549059185,-4.744248465867782,0.8453482874152859,4.615985479762673,14.236709991814573,-0.7485528061782186,9.058519200166758,-13.28363511802777,0.4299200268441362,2.3392356538936707,20.687612168324936,-0.4090598959789721,3.0654641035939623,-19.635701048853278,0.3129680564947049,2.1243351246371214,22.36542762505656,-0.5569385482813144,2.0254592228419197,-21.15461548825315,0.20001423552679076,1.803132832717308,22.271068452547397,-0.5306007900717369,1.8945157633038625,-20.734681683452724,0.2243569863389784,1.8968005653537783,20.86295928639338,-0.5716255446360027,2.3455582614354493,-19.608236650380547,1.2555246554239898,14.18103929513806,5.384618640405509,0.5154277521594786,15.84232730526562,-1.8693988286195098,3.980214651407538,10.612808923641651,7.558685577886126,4.340222989358944,16.223263901246117,-3.4272975123416933,5.01155416363738,15.104516220874366,10.265046316303238,4.180427167486057,20.6359314864432,1.8931238274755835,4.7659730236767315,16.09167679253245,10.45478097625209,3.6048990548627033,21.385226573661225,3.4066317218378064,6.422935467306588,14.898536282798908,10.354370688033514,5.67080954390389,21.701165787961827,4.667656756028491
0.0,0.0,0.0,-0.5638950547651105,-0.32829470058100746,0.6012711433960434,-0.6067998495930522,-0.2793724148805842,0.5972488946908774,-0.6527928386885484,-0.22628604005191466,0.5906286009727933,-0.6215591378285603,-0.2179615006731924,-0.8471195250051551,-0.7136894581711001,-0.09036425166478658,-0.8502040803949396,-0.8102482927598462,0.03849326201132904,-0.8576918295064468,-1.1387018910034812,0.9333563795592106,3.5001206894460415,-1.2761350266244558,1.156887789139163,-2.9104464599784095,0.16585155804616522,0.9541562048930776,1.1716952824366154,0.0844207513069636,1.0302997222323302,-0.7603098504421236,-0.11225695328893902,5.194665405189039,7.762621599165484,-1.112256953288939,6.505432844510753,-6.208485104860328,0.40605751852795263,6.258430673313684,16.709675321130963,-1.1295767985153378,11.157104908846112,-16.664260610361097,0.2835073929866696,2.134505051975304,24.84470801038293,-0.5281248862850697,4.211720825297478,-25.88216752786774,0.18625231978457843,1.470282498210885,26.999549537256044,-0.7271144912242398,3.129809686692624,-27.76232472738741,0.15853983964678625,1.0642274056014458,26.844518788738885,-0.6367599432335068,3.010352607255922,-27.209615582887572,0.17397838506604563,1.2965964363257039,25.060335777446234,-0.6404521912108972,3.3656781048724573,-25.858640970124814,1.5181786203801415,17.02272115279648,5.673341429836372,0.7399354705675436,18.896609778877526,-3.321506828960615,4.778097594701794,12.4882573414359,8.323014234076878,5.30279223220892,19.315417925111895,-4.721037413728273,6.716763096927574,17.249554237473163,11.391984310372015,5.286686559198476,24.56203922710236,2.2027150576762127,6.666330676952561,18.52409543563432,11.596739110658273,4.5382130684230315,25.661766311269606,3.2291038960251326,8.538627900488823,16.21988040221729,11.49984428635542,7.160094853413874,25.39030117778344,3.5242476620210326
0.0,0.0,0.0,-0.6457389651238216,-0.4355939094853904,0.6848140331505236,-0.6940545818244619,-0.39243485958826335,0.6804423571439256,-0.7445214877347958,-0.3443368195459991,0.673446672640959,-0.7224864116577574,-0.297265469360447,-0.9175979400929868,-0.8319764255690649,-0.1553946092663179,-0.9205529030845571,-0.9527926644029628,-0.00732417426258511,-0.9271366367816061,-1.298375110318165,0.9631928286733399,4.027377262967229,-1.486629234415732,1.2109759265026048,-3.0296715068407463,0.18220549299471153,1.0577162881966022,1.354098574804895,0.0861630764251611,1.1467513765123278,-0.7814333678282994,-0.24694678754863178,5.874784633104561,8.831136205707852,-1.2469467875486318,7.301671396692563,-6.729582640374341,0.17731817730593863,7.28986786297566,19.45453752721408,-1.5605332259955151,12.391322498922316,-18.805791584678797,0.4819363778653826,3.5500120347089164,28.837415332083175,-0.5571363104166185,4.949783307246799,-29.243120668014736,0.39215472964060416,3.0184763378584747,31.256070898713986,-0.6325347816686225,4.352392595322374,-31.379775127724297,0.27040835059214846,2.556838502365466,30.844924446505377,-0.6049107051795484,3.3716671675462657,-30.683429191716314,0.32120162149004655,2.756002736026479,29.00388595311495,-0.619554974142374,3.7614802284010973,-29.17968075384873,1.6815439239678367,19.115646073489238,6.721187580996311,0.8690637268433843,21.223406352966453,-3.500077341702782,5.396831267941575,13.911193367175569,9.309103169411985,5.945002060178984,22.08163476222271,-5.1883912993814025,8.333370955963844,17.93885551957986,12.312753697783302,6.0503771555387535,28.614705734368815,1.4550879069193456,8.336378953265895,19.495551237263268,12.454144529374888,5.265306177953229,30.06451691862497,2.249553032950625,10.558369698098788,16.329095574626756,11.984704530897925,8.258217258452513,29.240657462267446,1.7377338290398205
0.0,0.0,0.0,-0.6421732812090309,-0.5008317865412049,0.7865134293159204,-0.6907931673513042,-0.46098898901271457,0.7821733997182444,-0.7392056623702139,-0.42361266448708473,0.7755118857334165,-0.7311144458286979,-0.35426107283428115,-0.8642395485984063,-0.8515420270704671,-0.19930286955246476,-0.8669741486964727,-0.9807555851170204,-0.04015980967420336,-0.8750479591972778,-1.3891738870873842,0.9834161169567427,4.706880052381072,-1.6075863672926423,1.259424074850419,-2.7107849309609766,0.18127761820183008,1.1181462788847691,1.5489311579979645,0.07672730881871498,1.235799263168966,-0.6581627664790765,-0.36254338548232506,6.43418516768313,10.61561129274294,-1.362543385482325,8.354466982592477,-5.83941742352082,0.1483202059690128,8.215932674915896,20.281179033349975,-1.9661285854592159,16.15594034838746,-18.6988003164196,0.4880224219431659,2.451878593236383,28.174424452598537,-0.9622933310421552,6.851346486868438,-27.84833820455579,0.446830100747645,1.3928254522237513,30.338977458066257,-0.7298138072121745,5.555513418946364,-29.966157101738677,0.3748698250359601,1.0634335378111053,30.198428493762712,-0.8556839240770725,4.322342097583449,-29.216927041284166,0.4086301371892281,1.4528207414825207,28.369072872796654,-0.9123520671710221,4.909368597724919,-27.718887628082534,1.8031310134167242,20.900901114431015,8.810707085221457,1.0571851395371918,23.33939112928911,-2.2765079186374995,5.795479762329773,15.110078764185923,12.659623392533623,6.6953172565709655,24.517023107815238,-3.5823020562829884,8.948799575737016,19.943583688984422,16.8453273298541,6.529140674880343,31.64549153918285,4.936525539476159,8.875507552740304,21.684860299857938,17.114217328120905,5.534101766824235,33.1240895159343,5.707554629043941,11.41077811668121,18.48759727014027,16.914055266771648,8.767510106613852,32.747793136242635,6.050385858591844
0.0,0.0,0.0,-13.939442182285767,-10.075926889752932,17.55185531028993,-15.18767412668769,-9.342620090010103,17.519854269356763,-16.44631540274929,-8.558674953311085,17.399396871077364,-15.071242690506077,-6.818969476165692,-13.691891436793926,-17.219453203931053,-3.612283011358418,-13.763302513547439,-19.60288399718336,-0.29642102684995253,-13.856802804396413,-30.294094235067202,20.64510302176775,107.61998381195849,-32.4527446958332,26.34996785353458,-32.79185163640817,3.33533355784833,23.382175550316873,35.57081407096715,1.659859780179408,25.688607904968926,-5.670659461776322,-18.902672748982027,138.53987692496096,242.19858861708968,-19.902672748982027,176.03196277133148,-87.25322995438263,-7.1081652022165756,196.13330067660655,462.2987248568717,-45.67277959770995,348.14848605455717,-339.0553148822827,12.925297737501149,92.63331598444724,641.1176331016746,-26.702201267489208,161.83767565747175,-545.3047408382573,12.16504913816857,77.14814928206228,691.8763509169396,-17.510026635642777,138.6709120411475,-586.8074197103756,15.610507301840002,67.16826378471053,683.2681397912011,-20.870709977650552,109.95597465021584,-568.0494366714631,14.672044821357499,78.6867709640878,644.0894972905122,-23.263815326210086,123.68579126228454,-541.2908413189235,29.08407066099256,432.09643939625875,233.35547867617794,27.78109787833328,484.45372439763645,13.682155650123994,113.2834399779567,311.45926583596116,367.31244068211737,144.05673085754523,506.78449621896334,-26.361487003643266,139.8743838594128,419.80846829746196,466.1336757187031,130.10626702997274,647.9157456449193,146.86547852309954,134.19156231821938,457.43991672534673,472.8613492330772,106.70180326363163,674.8231332088295,169.31876282031658,184.07240608639745,396.80898876404495,496.7688286440315,168.0777332149527,661.2198512077887,195.43702354345896
0.0,0.0,0.0,-2.919651244160609,-2.241626266383392,2.7209354373002315,-3.23987366111675,-2.099356327346316,2.705434652410463,-3.568720409025287,-1.940234899540414,2.6968434192193973,-3.0677842152047963,-1.5721877935456212,-3.2998562611507936,-3.505916618858789,-0.9356768649800468,-3.3186841590962106,-3.9766298283329444,-0.2928868182649208,-3.3330580440168704,-6.624885733919216,4.013718234029542,15.56271326384905,-6.770509579437779,5.078533107217834,-10.199448685861267,0.486411004848034,4.926024927342533,5.387850599857522,0.22107413268104475,5.424439386966417,-2.436326211535673,-4.740998985001986,30.438012621279654,41.99778244999086,-3.740998985001986,36.72658727406838,-20.251922822324914,-4.105421098089156,47.978577867999824,77.5424864929612,-10.407077247022778,74.2620586177114,-65.90164133374522,-0.01490344910194741,33.22156587084938,104.19211043934914,-6.475447765428285,37.64519199853739,-107.32818006443031,0.6692682557794996,30.467416042012093,111.7751227769337,-6.0782052817722745,31.858606363596245,-116.13987586763417,1.6016857793104318,28.033223848040297,109.25835009235851,-5.835954886175223,27.294822249260818,-111.56702611886195,1.3460323664584135,29.47356276911632,104.23691535168736,-5.901986496113377,32.278487716002296,-106.23044395130532,5.224415430491549,88.99239066706174,38.72395363791679,5.948802491473386,100.16898140851464,-4.9609887719784895,22.5033066239653,63.55274522288978,68.02546793930186,29.69685602789038,101.38729424225039,-10.276166144457543,31.071100295673336,83.97020571046708,84.8635599952087,26.68136627558772,126.06258944275979,30.91995858051582,30.087888741087244,91.5565278241847,85.9583204619817,21.89812824279257,131.91515625295517,36.03521759413949,40.59110080002017,77.52552310223741,88.81286683352141,34.377434261541666,128.03222776303264,42.826567730628355
0.0,0.0,0.0,-3.243366186504928,-2.641336676969732,3.6308519711902956,-3.5814063684609554,-2.50484778678486,3.6115391905289553,-3.9358050971015337,-2.3464891817810694,3.5927713302618534,-3.577382340934274,-1.869073307284073,-2.7996242054003617,-4.139390272350848,-1.1593937715052196,-2.819680556365545,-4.730878579343325,-0.44826354464337786,-2.848681620691666,-7.507027468361812,4.119991835306467,22.09912715917872,-8.070012247040298,5.481374292879221,-7.701837420540036,0.4741572869889777,5.6037572170058905,7.305229231060827,-0.03967166268151863,6.182677727882428,-1.1986298623665947,-4.6637822942788825,34.993803580801305,49.21523079839039,-5.6637822942788825,42.66333761007756,-18.116736892750918,-2.1371231119146206,54.719426138683154,85.73947337726716,-13.509418557182014,87.02975739196361,-67.2943736513676,2.6436038374059603,29.875138508193853,110.70633346941156,-7.453556015629556,44.76869131626523,-110.1794555898991,0.7709074473668863,26.38389368402636,118.42954306875838,-6.19014259054062,38.1039248848195,-119.12160290429813,3.5166209832623783,26.202360471219457,117.6775966641395,-6.471124686534088,36.1225724616551,-114.69776783110748,1.789883069924768,28.5626931824809,111.4106403452499,-6.341524756517175,37.96353589549192,-108.82924855659883,6.294067475360121,102.69627340059486,46.16064216772613,6.704532862891468,115.6613401761241,-3.2688207120779147,26.305738613168483,72.97310025077273,77.0477889718318,34.26686884003033,117.09249431387414,-12.1104347699306,36.706406368460954,97.51011838805621,97.94087887093953,30.539817460780313,144.52271534379193,41.533067008806206,35.747215256313055,106.334781594448,99.4602044089345,24.98830699247682,151.17653233801832,48.30581151221788,47.98488073715519,90.73270834548318,102.19545693124162,39.761299352656444,146.16655974806088,55.50418076048288
0.0,0.0,0.0,-3.348702610316967,-2.761738657551274,3.4266838875077688,-3.7037989434431324,-2.617549720323182,3.4040407473586076,-4.084524549409571,-2.440716283405842,3.3882263828464887,-3.6229334990677438,-1.9426662523306402,-3.449947560596644,-4.151732442510876,-1.2114356743318833,-3.469041330018645,-4.736117153511498,-0.4857986326911125,-3.493594623990056,-7.8014993784959605,4.3339729645742695,20.495567413766313,-8.293536357986326,5.797816967060286,-10.166932100683654,0.4212088253573648,6.056440335612182,6.814625738036047,-0.0062383467992541955,6.7271364201367305,-2.199327998756992,-4.7368551895587325,38.0766702921069,47.42600605966439,-5.7368551895587325,45.599899005593535,-23.131147063393414,-3.9831261653200745,58.59200590428838,86.38032357054071,-14.831735550031075,91.15743474207582,-77.12980694530765,0.858755438160348,42.38782628962088,114.95989939403356,-8.457869794903667,54.98736016159105,-126.43788649782473,1.131385954008701,39.9547156619018,122.94447055624612,-6.814768489745183,48.43732908638906,-137.03227742386576,1.6462787445618396,35.918342137973895,120.23611132691113,-6.63816811684276,45.56497047855811,-132.45901763517713,1.16544437538844,36.52792883778744,115.03459641081417,-7.172653822249845,47.35533716594158,-125.38302322871348,7.677788999378496,109.79012585456806,43.54243707271597,7.877012119328776,123.26072871348664,-9.030981976382847,28.933017402113112,77.08582193909261,74.64069491920448,37.16410814170292,122.49620105655687,-14.470997125543816,40.508032939714106,102.5533483530143,93.45761536668738,33.25486326911125,153.78681634555625,43.49847925730267,39.44213797389683,112.21044903666873,94.39066384400249,27.361932877563703,161.20628495960224,50.482914465506525,52.49311684275948,95.04228558110627,95.75952649160969,43.16929770043505,156.09677594779367,58.120511575512744
0.0,0.0,0.0,-1.3570257776384862,-1.121156467915067,1.6376525895165714,-1.4886092611454986,-1.058747943273525,1.6320880670688709,-1.631049126380945,-0.9847841416594845,1.6259797853169318,-1.5282394421374286,-0.803616704536551,-0.9238094491890622,-1.7695338086656742,-0.5104849956906683,-0.9320770978610045,-2.0266990519470345,-0.21669826843218679,-0.9440687926036199,-3.0900885371777793,1.6892580114393168,9.955728374990207,-3.472647496670062,2.3094758285669514,-1.2888803572827705,0.16910444252918594,2.4396082425761967,3.2413860377654156,-0.06985504975319283,2.7643061976024446,-0.08484212175820732,-1.834778657055551,15.132498628849017,20.877477865705554,-2.8347786570555513,18.743605735328686,-6.136104364177701,-1.2771511400141033,22.788328762830055,35.27820888505837,-6.304940844629006,38.15150043093317,-25.996734310115176,1.274578077254564,14.01768236308078,45.374234897751315,-3.5333416908250412,21.909406879260363,-42.68186163127791,1.6949212567578156,12.10018647653373,48.513496826764865,-2.7185019196113767,19.001889837812428,-46.167994985504976,1.5256977199717934,12.010439551829506,48.21305335736112,-2.85554180051712,17.86452714878947,-44.07386037765416,1.3151923528950873,12.500023505445428,45.685957846901196,-2.8961717464545953,18.49684870328293,-41.9868087440257,3.2964914205124187,44.26166261850662,20.821641463605737,3.12537804591397,49.693012614589044,0.1575891248139152,11.724321867899397,31.252213429444488,33.1584925174332,15.174852307451227,49.98070673039254,-1.7970571182323904,15.394505993888584,43.05299381023271,39.725682049674845,13.248308391444018,59.28787902530753,28.101924312465723,14.743091749588654,46.746188200266396,40.151719815090495,10.763049439786885,61.46122385019196,31.769350466191334,19.846205437593042,41.114866410718484,41.75002742301967,17.094024915772152,60.01399670923764,37.53734388466661
0.0,0.0,0.0,-0.708196790424133,-0.6033723733900639,1.0176085627605531,-0.7696869066362692,-0.5732191588686545,1.0146740725486731,-0.8348788828587504,-0.537038868719364,1.011037882853886,-0.822646367782954,-0.4388933660009372,-0.2812716367474871,-0.9603675591884122,-0.2901541549851877,-0.2859163927701036,-1.1043849934410759,-0.14210083393193312,-0.2936403569222188,-1.5668953507038075,0.8224031443919982,6.050505641161181,-1.8751647838473724,1.1447438614469847,0.3670103142932658,0.10157981699872065,1.2605846766020719,1.922033120539891,-0.04838686139671843,1.4232913962157683,0.23698146799909844,-0.6527888804751613,7.830846239036705,12.242353461960672,-1.6527888804751611,9.847891334274879,-1.7437219989071162,1.2178908640429889,11.60871842352327,18.41677868455061,-3.3817682989118185,20.190781184887072,-11.593396971382337,1.3066106496172474,6.361048908980942,21.722576157297432,-1.8622998879550912,11.321964531543642,-19.644379837105188,1.368287237095783,5.284981604204197,23.22531079895641,-1.4024309367181382,9.560047801503769,-21.327479216561244,1.2898022918129386,5.267454926651933,23.487685599715917,-1.448987136725597,8.893998381753706,-20.15897729428571,0.941743133398301,5.655232464809629,22.013069203540685,-1.4325322635828102,9.404154579815378,-19.206485308496443,1.8001579330551938,22.994381539668925,12.284460700775234,1.6317776224751386,25.799509337345977,1.6391124292017245,6.1365877704036045,16.231756218816734,17.29874561589838,7.900687025004986,26.12637887394056,-0.7149948842013436,7.5850090073729115,23.830210615241675,19.961183979037386,6.629384304308135,30.77433571638207,14.129436191964873,7.128991093159423,25.767698960787524,20.17072660555814,5.310216841760483,31.92598550064292,15.977110246677164,9.718723498784694,23.671661394124047,21.107613378583693,8.550865307750557,31.33560774228698,18.884726706090476
0.0,0.0,0.0,-0.4735348996610944,-0.4185428179115978,0.701245360487594,-0.5129615152865914,-0.39741777675237494,0.6984666929488371,-0.5549461626164498,-0.3709952356099517,0.6950462775262803,-0.5621868259127267,-0.3148730951959627,-0.1667228522725491,-0.6588320412510612,-0.22142989940349928,-0.17008390881580157,-0.7602674061513719,-0.12743567401447461,-0.1753640491267525,-1.0448058740650976,0.5445785183575734,4.195295752816187,-1.306665890147994,0.7601968474835196,0.33220196802684365,0.060790212280792136,0.8840351494163791,1.3232379372677443,-0.05020977203950389,0.9700215259935893,0.1967693649943889,-0.2311625156517045,5.404197008760475,8.398516196014219,-1.2311625156517045,6.878349016770564,-0.9587735783548407,1.5009307024283383,7.63376355454409,12.663146199799748,-2.3783165373837742,13.993796437123267,-7.540686031847719,1.215462652065129,4.102401906652003,14.932245199210639,-1.2862206761536341,7.726652360803428,-13.196028218987225,1.104569065736039,3.3910887762439046,15.922148589834624,-0.9768567569444289,6.4101754558873925,-14.383714275474478,1.0396416515656184,3.4965975042391197,16.130200341817545,-0.9956892013878778,6.059568315350206,-13.640528786816505,0.9394539431095541,3.741464081158148,15.143447451712111,-0.9601634721136465,6.4263076313119205,-12.920224466162079,1.3421871395068061,15.883371001955483,8.484528052110376,1.1476759318784062,17.80952183622773,1.2889573444853362,4.265208752858746,11.227594263020315,11.614757513378148,5.430006921469323,18.027178526869413,-0.6319379890107675,5.291057864827512,16.3667941949256,13.75102702060985,4.589523269800666,21.240870492365104,9.478019015000998,4.9892885222327,17.678918862011884,13.922833456904334,3.7025190564402144,22.0636047191429,10.726861796849276,6.742297345426119,16.233949023042445,14.440110810707894,5.917737553114997,21.614275922470583,12.388468025723673
0.0,0.0,0.0,-0.47102523513055483,-0.46707055089645094,0.6959152245288731,-0.5100481376676971,-0.44832266648494484,0.693607766821093,-0.551749947773591,-0.4255765292842133,0.6906006986608814,-0.5625437780193288,-0.3637650381336572,-0.16181864086216585,-0.6623571035177698,-0.2751276055950962,-0.1650857239250576,-0.7658871619108051,-0.18739394128969625,-0.17014470346012528,-1.0464608368960868,0.46048611336091183,4.163201034809041,-1.316820478561478,0.6841961210580233,0.34011485341415487,0.05589957336330254,0.920733158239875,1.3136874525912678,-0.05860976092034663,1.0075328914662607,0.2010912247344273,-0.24483740550371394,5.285412018888644,8.365659153139003,-1.244837405503714,6.74274890771398,-0.8293179510267098,1.298899279554841,7.582040147864973,12.99192250159472,-2.4647971660330605,13.874306952759397,-7.143401989183827,1.1695185451230588,4.155222473331017,15.805191584342579,-1.3144878851488202,7.787234636777893,-12.304088406184054,1.156936169832462,3.4993470302443974,16.910540350626327,-0.9701019169047111,6.558205913928644,-13.356369555187396,1.0598598433096016,3.4557818265502305,17.05781212121889,-0.98234244660897,6.176505153936643,-12.607991366723232,0.9172331509784492,3.966874492398404,16.01190873839987,-0.9615602458160223,6.46614443981451,-12.001260136671206,1.330869661874498,15.77314300205219,8.401430612607399,1.1186204184592148,17.688789810767243,1.3617354696075814,4.2512040002636455,11.105905103218376,11.287806613706667,5.398381930891334,17.87670210614864,-0.8595282754337026,5.190276168782348,16.32876273123452,13.060875325786665,4.506057704875545,20.924852062412512,9.236800962083068,4.867417535338008,17.65356854395006,13.192763486422809,3.6196800280626182,21.712924556019665,10.486854026348922,6.243716911637384,16.885309688641232,13.83061886339694,5.817283534102448,21.326994294753565,12.460911186058956
0.0,0.0,0.0,-0.4730723334361785,-0.48869875133849977,0.6927918950434672,-0.5097687798326649,-0.4707515109167136,0.6903584910796929,-0.5485467068367847,-0.44837587796511735,0.6873967767110111,-0.5728506869453166,-0.38024056697943703,-0.1878454010054629,-0.6758618577469645,-0.2902491424526761,-0.1911139494364689,-0.7828352147951868,-0.20160529229205612,-0.19627624820777145,-1.0441614185375414,0.452680629412512,4.129695383536906,-1.3412629993284815,0.6841809742463566,0.17816169531207462,0.048943719486742046,0.9714366413183543,1.3057076807201582,-0.07468828835369062,1.0625351639775678,0.16353348064393183,-0.22287496143305685,5.353346930071326,8.322854089910887,-1.222874961433057,6.795185711174431,-0.9463131136681247,1.2487295595201364,7.844635338209405,12.221119031198388,-2.4923036262001124,14.068239668596526,-7.1867984219314325,1.1978495526234596,4.344276892502586,13.838035286484327,-1.3350072142870106,7.9580992849235015,-12.262677748234996,1.144006697036244,3.7566289769324306,14.675203383908963,-0.9556695675057624,6.719494682299135,-13.384291797491787,1.06232871739959,3.9264539737563293,14.813807305940216,-0.9557535073231819,6.362394281202926,-12.632717358754242,0.9417820650102543,4.220728824479573,14.000855278680193,-0.9391617815205358,6.640961042850143,-11.963416418628288,1.3751179694731301,16.013288580555002,8.299509178932468,1.1547804860342292,17.956220847928275,1.1499193497159659,4.363873436904481,11.231017123722754,11.196583082270095,5.522546915552007,18.134738153142525,-1.2466730339933574,5.1502080346285775,16.539523176464183,12.993834393546162,4.610009936659467,21.221400343018928,9.0024577918837,4.816116218080183,17.924432612207116,13.128138668578377,3.720955688850977,22.044990607815024,10.264666214450353,6.506312501134322,16.67053281366268,13.812482985172144,5.9561482513294255,21.61000086208461,12.297734532387159
